Gender,Response
Male,Agree
Male,Agree
Male,Agree
Male,Agree
Male,Agree
Male,Agree
Male,Agree
Male,Agree
Male,Agree
Male,Agree
Male,Agree
Male,Agree
Male,Agree
Male,Agree
Male,Agree
Male,Agree
Male,Agree
Male,Agree
Male,Agree
Male,Agree
Male,Agree
Male,Agree
Male,Agree
Male,Agree
Male,Agree
Male,Agree
Male,Agree
Male,Agree
Male,Agree
Male,Agree
Male,Agree
Male,Agree
Male,Agree
Male,Agree
Male,Agree
Male,Agree
Male,Agree
Male,Agree
Male,Agree
Male,Agree
Male,Agree
Male,Agree
Male,Agree
Male,Agree
Male,Agree
Male,Agree
Male,Agree
Male,Agree
Male,Agree
Male,Agree
Male,Agree
Male,Agree
Male,Agree
Male,Agree
Male,Agree
Male,Agree
Male,Agree
Male,Agree
Male,Agree
Male,Agree
Male,Agree
Male,Agree
Male,Agree
Male,Agree
Male,Agree
Male,Agree
Male,Agree
Male,Agree
Male,Agree
Male,Agree
Male,Agree
Male,Agree
Male,Agree
Male,Agree
Male,Agree
Male,Agree
Male,Agree
Male,Agree
Male,Agree
Male,Agree
Male,Agree
Male,Agree
Male,Agree
Male,Agree
Male,Agree
Male,Agree
Male,Agree
Male,Agree
Male,Agree
Male,Agree
Male,Agree
Male,Agree
Male,Agree
Male,Agree
Male,Agree
Male,Agree
Male,Agree
Male,Agree
Male,Agree
Male,Agree
Male,Agree
Male,Agree
Male,Agree
Male,Agree
Male,Agree
Male,Agree
Male,Agree
Male,Agree
Male,Agree
Male,Agree
Male,Agree
Male,Agree
Male,Agree
Male,Agree
Male,Agree
Male,Agree
Male,Agree
Male,Agree
Male,Agree
Male,Agree
Male,Agree
Male,Agree
Male,Agree
Male,Agree
Male,Agree
Male,Agree
Male,Agree
Male,Agree
Male,Agree
Male,Agree
Male,Agree
Male,Agree
Male,Agree
Male,Agree
Male,Agree
Male,Agree
Male,Agree
Male,Agree
Male,Agree
Male,Agree
Male,Agree
Male,Agree
Male,Agree
Male,Agree
Male,Agree
Male,Agree
Male,Agree
Male,Agree
Male,Agree
Male,Agree
Male,Agree
Male,Agree
Male,Agree
Male,Agree
Male,Agree
Male,Agree
Male,Agree
Male,Agree
Male,Agree
Male,Agree
Male,Agree
Male,Agree
Male,Agree
Male,Agree
Male,Agree
Male,Agree
Male,Agree
Male,Agree
Male,Agree
Male,Agree
Male,Agree
Male,Agree
Male,Agree
Male,Agree
Male,Agree
Male,Agree
Male,Agree
Male,Agree
Male,Agree
Male,Agree
Male,Agree
Male,Agree
Male,Agree
Male,Agree
Male,Agree
Male,Agree
Male,Agree
Male,Agree
Male,Agree
Male,Agree
Male,Agree
Male,Agree
Male,Agree
Male,Agree
Male,Agree
Male,Agree
Male,Agree
Male,Agree
Male,Agree
Male,Agree
Male,Agree
Male,Agree
Male,Agree
Male,Agree
Male,Agree
Male,Agree
Male,Agree
Male,Agree
Male,Agree
Male,Agree
Male,Agree
Male,Agree
Male,Agree
Male,Agree
Male,Agree
Male,Agree
Male,Agree
Male,Agree
Male,Agree
Male,Agree
Male,Agree
Male,Agree
Male,Agree
Male,Agree
Male,Agree
Male,Agree
Male,Agree
Male,Agree
Male,Agree
Male,Agree
Male,Agree
Male,Agree
Male,Agree
Male,Agree
Male,Agree
Male,Agree
Male,Agree
Male,Agree
Male,Agree
Male,Agree
Male,Agree
Male,Agree
Male,Agree
Male,Agree
Male,Agree
Male,Agree
Male,Agree
Male,Agree
Male,Agree
Male,Agree
Male,Agree
Male,Agree
Male,Agree
Male,Agree
Male,Agree
Male,Agree
Male,Agree
Male,Agree
Male,Agree
Male,Agree
Male,Agree
Male,Agree
Male,Agree
Male,Agree
Male,Agree
Male,Agree
Male,Agree
Male,Agree
Male,Agree
Male,Agree
Male,Agree
Male,Agree
Male,Agree
Male,Agree
Male,Agree
Male,Agree
Male,Agree
Male,Agree
Male,Agree
Male,Agree
Male,Agree
Male,Agree
Male,Agree
Male,Agree
Male,Agree
Male,Agree
Male,Agree
Male,Agree
Male,Agree
Male,Agree
Male,Agree
Male,Agree
Male,Agree
Male,Agree
Male,Agree
Male,Agree
Male,Agree
Male,Agree
Male,Agree
Male,Agree
Male,Agree
Male,Agree
Male,Agree
Male,Agree
Male,Agree
Male,Agree
Male,Agree
Male,Agree
Male,Agree
Male,Agree
Male,Agree
Male,Agree
Male,Agree
Male,Agree
Male,Agree
Male,Agree
Male,Agree
Male,Agree
Male,Agree
Male,Agree
Male,Agree
Male,Agree
Male,Agree
Male,Agree
Male,Agree
Male,Agree
Male,Agree
Male,Agree
Male,Agree
Male,Agree
Male,Agree
Male,Agree
Male,Agree
Male,Agree
Male,Agree
Male,Agree
Male,Agree
Male,Agree
Male,Agree
Male,Agree
Male,Agree
Male,Agree
Male,Agree
Male,Agree
Male,Agree
Male,Agree
Male,Agree
Male,Agree
Male,Agree
Male,Agree
Male,Agree
Male,Agree
Male,Agree
Male,Agree
Male,Agree
Male,Agree
Male,Agree
Male,Agree
Male,Agree
Male,Agree
Male,Agree
Male,Agree
Male,Agree
Male,Agree
Male,Agree
Male,Agree
Male,Agree
Male,Agree
Male,Agree
Male,Agree
Male,Agree
Male,Agree
Male,Disagree
Male,Disagree
Male,Disagree
Male,Disagree
Male,Disagree
Male,Disagree
Male,Disagree
Male,Disagree
Male,Disagree
Male,Disagree
Male,Disagree
Male,Disagree
Male,Disagree
Male,Disagree
Male,Disagree
Male,Disagree
Male,Disagree
Male,Disagree
Male,Disagree
Male,Disagree
Male,Disagree
Male,Disagree
Male,Disagree
Male,Disagree
Male,Disagree
Male,Disagree
Male,Disagree
Male,Disagree
Male,Disagree
Male,Disagree
Male,Disagree
Male,Disagree
Male,Disagree
Male,Disagree
Male,Disagree
Male,Disagree
Male,Disagree
Male,Disagree
Male,Disagree
Male,Disagree
Male,Disagree
Male,Disagree
Male,Disagree
Male,Disagree
Male,Disagree
Male,Disagree
Male,Disagree
Male,Disagree
Male,Disagree
Male,Disagree
Male,Disagree
Male,Disagree
Male,Disagree
Male,Disagree
Male,Disagree
Male,Disagree
Male,Disagree
Male,Disagree
Male,Disagree
Male,Disagree
Male,Disagree
Male,Disagree
Male,Disagree
Male,Disagree
Male,Disagree
Male,Disagree
Male,Disagree
Male,Disagree
Male,Disagree
Male,Disagree
Male,Disagree
Male,Disagree
Male,Disagree
Male,Disagree
Male,Disagree
Male,Disagree
Male,Disagree
Male,Disagree
Male,Disagree
Male,Disagree
Male,Disagree
Male,Disagree
Male,Disagree
Male,Disagree
Male,Disagree
Male,Disagree
Male,Disagree
Male,Disagree
Male,Disagree
Male,Disagree
Male,Disagree
Male,Disagree
Male,Disagree
Male,Disagree
Male,Disagree
Male,Disagree
Male,Disagree
Male,Disagree
Male,Disagree
Male,Disagree
Male,Disagree
Male,Disagree
Male,Disagree
Male,Disagree
Male,Disagree
Male,Disagree
Male,Disagree
Male,Disagree
Male,Disagree
Male,Disagree
Male,Disagree
Male,Disagree
Male,Disagree
Male,Disagree
Male,Disagree
Male,Disagree
Male,Disagree
Male,Disagree
Male,Disagree
Male,Disagree
Male,Disagree
Male,Disagree
Male,Disagree
Male,Disagree
Male,Disagree
Male,Disagree
Male,Disagree
Male,Disagree
Male,Disagree
Male,Disagree
Male,Disagree
Male,Disagree
Male,Disagree
Male,Disagree
Male,Disagree
Male,Disagree
Male,Disagree
Male,Disagree
Male,Disagree
Male,Disagree
Male,Disagree
Male,Disagree
Male,Disagree
Male,Disagree
Male,Disagree
Male,Disagree
Male,Disagree
Male,Disagree
Male,Disagree
Male,Disagree
Male,Disagree
Male,Disagree
Male,Disagree
Male,Disagree
Male,Disagree
Male,Disagree
Male,Disagree
Male,Disagree
Male,Disagree
Male,Disagree
Male,Disagree
Male,Disagree
Male,Disagree
Male,Disagree
Male,Disagree
Male,Disagree
Male,Disagree
Male,Disagree
Male,Disagree
Male,Disagree
Male,Disagree
Male,Disagree
Male,Disagree
Male,Disagree
Male,Disagree
Male,Disagree
Male,Disagree
Male,Disagree
Male,Disagree
Male,Disagree
Male,Disagree
Male,Disagree
Male,Disagree
Male,Disagree
Male,Disagree
Male,Disagree
Male,Disagree
Male,Disagree
Male,Disagree
Male,Disagree
Male,Disagree
Male,Disagree
Male,Disagree
Male,Disagree
Male,Disagree
Male,Disagree
Male,Disagree
Male,Disagree
Male,Disagree
Male,Disagree
Male,Disagree
Male,Disagree
Male,Disagree
Male,Disagree
Male,Disagree
Male,Disagree
Male,Disagree
Male,Disagree
Male,Disagree
Male,Disagree
Male,Disagree
Male,Disagree
Male,Disagree
Male,Disagree
Male,Disagree
Male,Disagree
Male,Disagree
Male,Disagree
Male,Disagree
Male,Disagree
Male,Disagree
Male,Disagree
Male,Disagree
Male,Disagree
Male,Disagree
Male,Disagree
Male,Disagree
Male,Disagree
Male,Disagree
Male,Disagree
Male,Disagree
Male,Disagree
Male,Disagree
Male,Disagree
Male,Disagree
Male,Disagree
Male,Disagree
Male,Disagree
Male,Disagree
Male,Disagree
Male,Disagree
Male,Disagree
Male,Disagree
Male,Disagree
Male,Disagree
Male,Disagree
Male,Disagree
Male,Disagree
Male,Disagree
Male,Disagree
Male,Disagree
Male,Disagree
Male,Disagree
Male,Disagree
Male,Disagree
Male,Disagree
Male,Disagree
Male,Disagree
Male,Disagree
Male,Disagree
Male,Disagree
Male,Disagree
Male,Disagree
Male,Disagree
Male,Disagree
Male,Disagree
Male,Disagree
Male,Disagree
Male,Disagree
Male,Disagree
Male,Disagree
Male,Disagree
Male,Disagree
Male,Disagree
Male,Disagree
Male,Disagree
Male,Disagree
Male,Disagree
Male,Disagree
Male,Disagree
Male,Disagree
Male,Disagree
Male,Disagree
Male,Disagree
Male,Disagree
Male,Disagree
Male,Disagree
Male,Disagree
Male,Disagree
Male,Disagree
Male,Disagree
Male,Disagree
Male,Disagree
Male,Disagree
Male,Disagree
Male,Disagree
Male,Disagree
Male,Disagree
Male,Disagree
Male,Disagree
Male,Disagree
Male,Disagree
Male,Disagree
Male,Disagree
Male,Disagree
Male,Disagree
Male,Disagree
Male,Disagree
Male,Disagree
Male,Disagree
Male,Disagree
Male,Disagree
Male,Disagree
Male,Disagree
Male,Disagree
Male,Disagree
Male,Disagree
Male,Disagree
Male,Disagree
Male,Disagree
Male,Disagree
Male,Disagree
Male,Disagree
Male,Disagree
Male,Disagree
Male,Disagree
Male,Disagree
Male,Disagree
Male,Disagree
Male,Disagree
Male,Disagree
Male,Disagree
Male,Disagree
Male,Disagree
Male,Disagree
Male,Disagree
Male,Disagree
Male,Disagree
Male,Disagree
Male,Disagree
Male,Disagree
Male,Disagree
Male,Disagree
Male,Disagree
Male,Disagree
Male,Disagree
Male,Disagree
Male,Disagree
Male,Disagree
Male,Disagree
Male,Disagree
Male,Disagree
Male,Disagree
Male,Disagree
Male,Disagree
Male,Disagree
Male,Disagree
Male,Disagree
Male,Disagree
Male,Disagree
Male,Disagree
Male,Disagree
Male,Disagree
Male,Disagree
Male,Disagree
Male,Disagree
Male,Disagree
Male,Disagree
Male,Disagree
Male,Disagree
Male,Disagree
Male,Disagree
Male,Disagree
Male,Disagree
Male,Disagree
Male,Disagree
Male,Disagree
Male,Disagree
Male,Disagree
Male,Disagree
Male,Disagree
Male,Disagree
Male,Disagree
Male,Disagree
Male,Disagree
Male,Disagree
Male,Disagree
Male,Disagree
Male,Disagree
Male,Disagree
Male,Disagree
Male,Disagree
Male,Disagree
Male,Disagree
Male,Disagree
Male,Disagree
Male,Disagree
Male,Disagree
Male,Disagree
Male,Disagree
Male,Disagree
Male,Disagree
Male,Disagree
Male,Disagree
Male,Disagree
Male,Disagree
Male,Disagree
Male,Disagree
Male,Disagree
Male,Disagree
Male,Disagree
Male,Disagree
Male,Disagree
Male,Disagree
Male,Disagree
Male,Disagree
Male,Disagree
Male,Disagree
Male,Disagree
Male,Disagree
Male,Disagree
Male,Disagree
Male,Disagree
Male,Disagree
Male,Disagree
Male,Disagree
Male,Disagree
Male,Disagree
Male,Disagree
Male,Disagree
Male,Disagree
Male,Disagree
Male,Disagree
Male,Disagree
Male,Disagree
Male,Disagree
Male,Disagree
Male,Disagree
Male,Disagree
Male,Disagree
Male,Disagree
Male,Disagree
Male,Disagree
Male,Disagree
Male,Disagree
Male,Disagree
Male,Disagree
Male,Disagree
Male,Disagree
Male,Disagree
Male,Disagree
Male,Disagree
Male,Disagree
Male,Disagree
Male,Disagree
Male,Disagree
Male,Disagree
Male,Disagree
Male,Disagree
Male,Disagree
Male,Disagree
Male,Disagree
Male,Disagree
Male,Disagree
Male,Disagree
Male,Disagree
Male,Disagree
Male,Disagree
Male,Disagree
Male,Disagree
Male,Disagree
Male,Disagree
Male,Disagree
Male,Disagree
Male,Disagree
Male,Disagree
Male,Disagree
Male,Disagree
Male,Disagree
Male,Disagree
Male,Disagree
Male,Disagree
Male,Disagree
Male,Disagree
Male,Disagree
Male,Disagree
Male,Disagree
Male,Disagree
Male,Disagree
Male,Disagree
Male,Disagree
Male,Disagree
Male,Disagree
Male,Disagree
Male,Disagree
Male,Disagree
Male,Disagree
Male,Disagree
Male,Disagree
Male,Disagree
Male,Disagree
Male,Disagree
Male,Disagree
Male,Disagree
Male,Disagree
Male,Disagree
Male,Disagree
Male,Disagree
Male,Disagree
Male,Disagree
Male,Disagree
Male,Disagree
Male,Disagree
Male,Disagree
Male,Disagree
Male,Disagree
Male,Disagree
Male,Disagree
Male,Disagree
Male,Disagree
Male,Disagree
Male,Disagree
Male,Disagree
Male,Disagree
Male,Disagree
Male,Disagree
Male,Disagree
Male,Disagree
Male,Disagree
Male,Disagree
Male,Disagree
Male,Disagree
Male,Disagree
Male,Disagree
Male,Disagree
Male,Disagree
Male,Disagree
Male,Disagree
Male,Disagree
Male,Disagree
Male,Disagree
Male,Disagree
Male,Disagree
Male,Disagree
Male,Disagree
Male,Disagree
Male,Disagree
Male,Disagree
Male,Disagree
Male,Disagree
Male,Disagree
Male,Disagree
Male,Disagree
Male,Disagree
Male,Disagree
Male,Disagree
Male,Disagree
Male,Disagree
Male,Disagree
Male,Disagree
Male,Disagree
Male,Disagree
Male,Disagree
Male,Disagree
Male,Disagree
Male,Disagree
Male,Disagree
Male,Disagree
Male,Disagree
Male,Disagree
Male,Disagree
Male,Disagree
Male,Disagree
Male,Disagree
Male,Disagree
Male,Disagree
Male,Disagree
Male,Disagree
Male,Disagree
Male,Disagree
Male,Disagree
Male,Disagree
Male,Disagree
Male,Disagree
Male,Disagree
Male,Disagree
Male,Disagree
Male,Disagree
Male,Disagree
Male,Disagree
Male,Disagree
Male,Disagree
Male,Disagree
Male,Disagree
Male,Disagree
Male,Disagree
Male,Disagree
Male,Disagree
Male,Disagree
Male,Disagree
Male,Disagree
Male,Disagree
Male,Disagree
Male,Disagree
Male,Disagree
Male,Disagree
Male,Disagree
Male,Disagree
Male,Disagree
Male,Disagree
Male,Disagree
Male,Disagree
Male,Disagree
Male,Disagree
Male,Disagree
Male,Disagree
Male,Disagree
Male,Disagree
Male,Disagree
Male,Disagree
Male,Disagree
Male,Disagree
Male,Disagree
Male,Disagree
Male,Disagree
Male,Disagree
Male,Disagree
Male,Disagree
Male,Disagree
Male,Disagree
Male,Disagree
Male,Disagree
Male,Disagree
Male,Disagree
Male,Disagree
Male,Disagree
Male,Disagree
Male,Disagree
Male,Disagree
Male,Disagree
Male,Disagree
Male,Disagree
Male,Disagree
Male,Disagree
Male,Disagree
Male,Disagree
Male,Disagree
Male,Disagree
Male,Disagree
Male,Disagree
Male,Disagree
Male,Disagree
Male,Disagree
Male,Disagree
Male,Disagree
Male,Disagree
Male,Disagree
Male,Disagree
Male,Disagree
Male,Disagree
Male,Disagree
Male,Disagree
Male,Disagree
Male,Disagree
Male,Disagree
Male,Disagree
Male,Disagree
Male,Disagree
Male,Disagree
Male,Disagree
Male,Disagree
Male,Disagree
Male,Disagree
Male,Disagree
Male,Disagree
Male,Disagree
Male,Disagree
Male,Disagree
Male,Disagree
Male,Disagree
Male,Disagree
Male,Disagree
Male,Disagree
Male,Disagree
Male,Disagree
Male,Disagree
Male,Disagree
Male,Disagree
Male,Disagree
Male,Disagree
Male,Disagree
Male,Disagree
Male,Disagree
Male,Disagree
Male,Disagree
Male,Disagree
Male,Disagree
Male,Disagree
Male,Disagree
Male,Disagree
Male,Disagree
Male,Disagree
Male,Disagree
Male,Disagree
Male,Disagree
Male,Disagree
Male,Disagree
Male,Disagree
Male,Disagree
Male,Disagree
Male,Disagree
Male,Disagree
Male,Disagree
Male,Disagree
Male,Disagree
Male,Disagree
Male,Disagree
Male,Disagree
Male,Disagree
Male,Disagree
Male,Disagree
Male,Disagree
Male,Disagree
Male,Disagree
Male,Disagree
Male,Disagree
Male,Disagree
Male,Disagree
Male,Disagree
Male,Disagree
Male,Disagree
Male,Disagree
Male,Disagree
Male,Disagree
Male,Disagree
Male,Disagree
Male,Disagree
Male,Disagree
Male,Disagree
Male,Disagree
Male,Disagree
Male,Disagree
Male,Disagree
Male,Disagree
Male,Disagree
Male,Disagree
Male,Disagree
Male,Disagree
Male,Disagree
Male,Disagree
Male,Disagree
Male,Disagree
Male,Disagree
Male,Disagree
Male,Disagree
Male,Disagree
Male,Disagree
Male,Disagree
Male,Disagree
Male,Disagree
Male,Disagree
Male,Disagree
Male,Disagree
Male,Disagree
Male,Disagree
Male,Disagree
Male,Disagree
Male,Disagree
Male,Disagree
Male,Disagree
Male,Disagree
Male,Disagree
Male,Disagree
Male,Disagree
Male,Disagree
Male,Disagree
Male,Disagree
Male,Disagree
Male,Disagree
Male,Disagree
Male,Disagree
Male,Disagree
Male,Disagree
Male,Disagree
Male,Disagree
Male,Disagree
Male,Disagree
Male,Disagree
Male,Disagree
Male,Disagree
Male,Disagree
Male,Disagree
Male,Disagree
Male,Disagree
Male,Disagree
Male,Disagree
Male,Disagree
Male,Disagree
Male,Disagree
Male,Disagree
Male,Disagree
Male,Disagree
Male,Disagree
Male,Disagree
Male,Disagree
Male,Disagree
Male,Disagree
Male,Don't know
Male,Don't know
Male,Don't know
Male,Don't know
Male,Don't know
Male,Don't know
Male,Don't know
Male,Don't know
Male,Don't know
Male,Don't know
Male,Don't know
Male,Don't know
Male,Don't know
Male,Don't know
Male,Don't know
Male,Don't know
Male,Don't know
Male,Don't know
Male,Don't know
Male,Don't know
Male,Don't know
Male,Don't know
Male,Don't know
Male,Don't know
Male,Don't know
Male,Don't know
Male,Don't know
Male,Don't know
Male,Don't know
Male,Don't know
Male,Don't know
Male,Don't know
Male,Don't know
Male,Don't know
Female,Agree
Female,Agree
Female,Agree
Female,Agree
Female,Agree
Female,Agree
Female,Agree
Female,Agree
Female,Agree
Female,Agree
Female,Agree
Female,Agree
Female,Agree
Female,Agree
Female,Agree
Female,Agree
Female,Agree
Female,Agree
Female,Agree
Female,Agree
Female,Agree
Female,Agree
Female,Agree
Female,Agree
Female,Agree
Female,Agree
Female,Agree
Female,Agree
Female,Agree
Female,Agree
Female,Agree
Female,Agree
Female,Agree
Female,Agree
Female,Agree
Female,Agree
Female,Agree
Female,Agree
Female,Agree
Female,Agree
Female,Agree
Female,Agree
Female,Agree
Female,Agree
Female,Agree
Female,Agree
Female,Agree
Female,Agree
Female,Agree
Female,Agree
Female,Agree
Female,Agree
Female,Agree
Female,Agree
Female,Agree
Female,Agree
Female,Agree
Female,Agree
Female,Agree
Female,Agree
Female,Agree
Female,Agree
Female,Agree
Female,Agree
Female,Agree
Female,Agree
Female,Agree
Female,Agree
Female,Agree
Female,Agree
Female,Agree
Female,Agree
Female,Agree
Female,Agree
Female,Agree
Female,Agree
Female,Agree
Female,Agree
Female,Agree
Female,Agree
Female,Agree
Female,Agree
Female,Agree
Female,Agree
Female,Agree
Female,Agree
Female,Agree
Female,Agree
Female,Agree
Female,Agree
Female,Agree
Female,Agree
Female,Agree
Female,Agree
Female,Agree
Female,Agree
Female,Agree
Female,Agree
Female,Agree
Female,Agree
Female,Agree
Female,Agree
Female,Agree
Female,Agree
Female,Agree
Female,Agree
Female,Agree
Female,Agree
Female,Agree
Female,Agree
Female,Agree
Female,Agree
Female,Agree
Female,Agree
Female,Agree
Female,Agree
Female,Agree
Female,Agree
Female,Agree
Female,Agree
Female,Agree
Female,Agree
Female,Agree
Female,Agree
Female,Agree
Female,Agree
Female,Agree
Female,Agree
Female,Agree
Female,Agree
Female,Agree
Female,Agree
Female,Agree
Female,Agree
Female,Agree
Female,Agree
Female,Agree
Female,Agree
Female,Agree
Female,Agree
Female,Agree
Female,Agree
Female,Agree
Female,Agree
Female,Agree
Female,Agree
Female,Agree
Female,Agree
Female,Agree
Female,Agree
Female,Agree
Female,Agree
Female,Agree
Female,Agree
Female,Agree
Female,Agree
Female,Agree
Female,Agree
Female,Agree
Female,Agree
Female,Agree
Female,Agree
Female,Agree
Female,Agree
Female,Agree
Female,Agree
Female,Agree
Female,Agree
Female,Agree
Female,Agree
Female,Agree
Female,Agree
Female,Agree
Female,Agree
Female,Agree
Female,Agree
Female,Agree
Female,Agree
Female,Agree
Female,Agree
Female,Agree
Female,Agree
Female,Agree
Female,Agree
Female,Agree
Female,Agree
Female,Agree
Female,Agree
Female,Agree
Female,Agree
Female,Agree
Female,Agree
Female,Agree
Female,Agree
Female,Agree
Female,Agree
Female,Agree
Female,Agree
Female,Agree
Female,Agree
Female,Agree
Female,Agree
Female,Agree
Female,Agree
Female,Agree
Female,Agree
Female,Agree
Female,Agree
Female,Agree
Female,Agree
Female,Agree
Female,Agree
Female,Agree
Female,Agree
Female,Agree
Female,Agree
Female,Agree
Female,Agree
Female,Agree
Female,Agree
Female,Agree
Female,Agree
Female,Agree
Female,Agree
Female,Agree
Female,Agree
Female,Agree
Female,Agree
Female,Agree
Female,Agree
Female,Agree
Female,Agree
Female,Agree
Female,Agree
Female,Agree
Female,Agree
Female,Agree
Female,Agree
Female,Agree
Female,Agree
Female,Agree
Female,Agree
Female,Agree
Female,Agree
Female,Agree
Female,Agree
Female,Agree
Female,Agree
Female,Agree
Female,Agree
Female,Agree
Female,Agree
Female,Agree
Female,Agree
Female,Agree
Female,Agree
Female,Agree
Female,Agree
Female,Agree
Female,Agree
Female,Agree
Female,Agree
Female,Agree
Female,Agree
Female,Agree
Female,Agree
Female,Agree
Female,Agree
Female,Agree
Female,Agree
Female,Agree
Female,Agree
Female,Agree
Female,Agree
Female,Agree
Female,Agree
Female,Agree
Female,Agree
Female,Agree
Female,Agree
Female,Agree
Female,Agree
Female,Agree
Female,Agree
Female,Agree
Female,Agree
Female,Agree
Female,Agree
Female,Agree
Female,Agree
Female,Agree
Female,Agree
Female,Agree
Female,Agree
Female,Agree
Female,Agree
Female,Agree
Female,Agree
Female,Agree
Female,Agree
Female,Agree
Female,Agree
Female,Agree
Female,Agree
Female,Agree
Female,Agree
Female,Agree
Female,Agree
Female,Agree
Female,Agree
Female,Agree
Female,Agree
Female,Agree
Female,Agree
Female,Agree
Female,Agree
Female,Agree
Female,Agree
Female,Agree
Female,Agree
Female,Agree
Female,Agree
Female,Agree
Female,Agree
Female,Agree
Female,Agree
Female,Agree
Female,Agree
Female,Agree
Female,Agree
Female,Agree
Female,Agree
Female,Agree
Female,Agree
Female,Agree
Female,Agree
Female,Agree
Female,Agree
Female,Agree
Female,Agree
Female,Agree
Female,Agree
Female,Agree
Female,Agree
Female,Agree
Female,Agree
Female,Agree
Female,Agree
Female,Agree
Female,Agree
Female,Agree
Female,Agree
Female,Agree
Female,Agree
Female,Agree
Female,Agree
Female,Agree
Female,Agree
Female,Agree
Female,Agree
Female,Agree
Female,Agree
Female,Agree
Female,Disagree
Female,Disagree
Female,Disagree
Female,Disagree
Female,Disagree
Female,Disagree
Female,Disagree
Female,Disagree
Female,Disagree
Female,Disagree
Female,Disagree
Female,Disagree
Female,Disagree
Female,Disagree
Female,Disagree
Female,Disagree
Female,Disagree
Female,Disagree
Female,Disagree
Female,Disagree
Female,Disagree
Female,Disagree
Female,Disagree
Female,Disagree
Female,Disagree
Female,Disagree
Female,Disagree
Female,Disagree
Female,Disagree
Female,Disagree
Female,Disagree
Female,Disagree
Female,Disagree
Female,Disagree
Female,Disagree
Female,Disagree
Female,Disagree
Female,Disagree
Female,Disagree
Female,Disagree
Female,Disagree
Female,Disagree
Female,Disagree
Female,Disagree
Female,Disagree
Female,Disagree
Female,Disagree
Female,Disagree
Female,Disagree
Female,Disagree
Female,Disagree
Female,Disagree
Female,Disagree
Female,Disagree
Female,Disagree
Female,Disagree
Female,Disagree
Female,Disagree
Female,Disagree
Female,Disagree
Female,Disagree
Female,Disagree
Female,Disagree
Female,Disagree
Female,Disagree
Female,Disagree
Female,Disagree
Female,Disagree
Female,Disagree
Female,Disagree
Female,Disagree
Female,Disagree
Female,Disagree
Female,Disagree
Female,Disagree
Female,Disagree
Female,Disagree
Female,Disagree
Female,Disagree
Female,Disagree
Female,Disagree
Female,Disagree
Female,Disagree
Female,Disagree
Female,Disagree
Female,Disagree
Female,Disagree
Female,Disagree
Female,Disagree
Female,Disagree
Female,Disagree
Female,Disagree
Female,Disagree
Female,Disagree
Female,Disagree
Female,Disagree
Female,Disagree
Female,Disagree
Female,Disagree
Female,Disagree
Female,Disagree
Female,Disagree
Female,Disagree
Female,Disagree
Female,Disagree
Female,Disagree
Female,Disagree
Female,Disagree
Female,Disagree
Female,Disagree
Female,Disagree
Female,Disagree
Female,Disagree
Female,Disagree
Female,Disagree
Female,Disagree
Female,Disagree
Female,Disagree
Female,Disagree
Female,Disagree
Female,Disagree
Female,Disagree
Female,Disagree
Female,Disagree
Female,Disagree
Female,Disagree
Female,Disagree
Female,Disagree
Female,Disagree
Female,Disagree
Female,Disagree
Female,Disagree
Female,Disagree
Female,Disagree
Female,Disagree
Female,Disagree
Female,Disagree
Female,Disagree
Female,Disagree
Female,Disagree
Female,Disagree
Female,Disagree
Female,Disagree
Female,Disagree
Female,Disagree
Female,Disagree
Female,Disagree
Female,Disagree
Female,Disagree
Female,Disagree
Female,Disagree
Female,Disagree
Female,Disagree
Female,Disagree
Female,Disagree
Female,Disagree
Female,Disagree
Female,Disagree
Female,Disagree
Female,Disagree
Female,Disagree
Female,Disagree
Female,Disagree
Female,Disagree
Female,Disagree
Female,Disagree
Female,Disagree
Female,Disagree
Female,Disagree
Female,Disagree
Female,Disagree
Female,Disagree
Female,Disagree
Female,Disagree
Female,Disagree
Female,Disagree
Female,Disagree
Female,Disagree
Female,Disagree
Female,Disagree
Female,Disagree
Female,Disagree
Female,Disagree
Female,Disagree
Female,Disagree
Female,Disagree
Female,Disagree
Female,Disagree
Female,Disagree
Female,Disagree
Female,Disagree
Female,Disagree
Female,Disagree
Female,Disagree
Female,Disagree
Female,Disagree
Female,Disagree
Female,Disagree
Female,Disagree
Female,Disagree
Female,Disagree
Female,Disagree
Female,Disagree
Female,Disagree
Female,Disagree
Female,Disagree
Female,Disagree
Female,Disagree
Female,Disagree
Female,Disagree
Female,Disagree
Female,Disagree
Female,Disagree
Female,Disagree
Female,Disagree
Female,Disagree
Female,Disagree
Female,Disagree
Female,Disagree
Female,Disagree
Female,Disagree
Female,Disagree
Female,Disagree
Female,Disagree
Female,Disagree
Female,Disagree
Female,Disagree
Female,Disagree
Female,Disagree
Female,Disagree
Female,Disagree
Female,Disagree
Female,Disagree
Female,Disagree
Female,Disagree
Female,Disagree
Female,Disagree
Female,Disagree
Female,Disagree
Female,Disagree
Female,Disagree
Female,Disagree
Female,Disagree
Female,Disagree
Female,Disagree
Female,Disagree
Female,Disagree
Female,Disagree
Female,Disagree
Female,Disagree
Female,Disagree
Female,Disagree
Female,Disagree
Female,Disagree
Female,Disagree
Female,Disagree
Female,Disagree
Female,Disagree
Female,Disagree
Female,Disagree
Female,Disagree
Female,Disagree
Female,Disagree
Female,Disagree
Female,Disagree
Female,Disagree
Female,Disagree
Female,Disagree
Female,Disagree
Female,Disagree
Female,Disagree
Female,Disagree
Female,Disagree
Female,Disagree
Female,Disagree
Female,Disagree
Female,Disagree
Female,Disagree
Female,Disagree
Female,Disagree
Female,Disagree
Female,Disagree
Female,Disagree
Female,Disagree
Female,Disagree
Female,Disagree
Female,Disagree
Female,Disagree
Female,Disagree
Female,Disagree
Female,Disagree
Female,Disagree
Female,Disagree
Female,Disagree
Female,Disagree
Female,Disagree
Female,Disagree
Female,Disagree
Female,Disagree
Female,Disagree
Female,Disagree
Female,Disagree
Female,Disagree
Female,Disagree
Female,Disagree
Female,Disagree
Female,Disagree
Female,Disagree
Female,Disagree
Female,Disagree
Female,Disagree
Female,Disagree
Female,Disagree
Female,Disagree
Female,Disagree
Female,Disagree
Female,Disagree
Female,Disagree
Female,Disagree
Female,Disagree
Female,Disagree
Female,Disagree
Female,Disagree
Female,Disagree
Female,Disagree
Female,Disagree
Female,Disagree
Female,Disagree
Female,Disagree
Female,Disagree
Female,Disagree
Female,Disagree
Female,Disagree
Female,Disagree
Female,Disagree
Female,Disagree
Female,Disagree
Female,Disagree
Female,Disagree
Female,Disagree
Female,Disagree
Female,Disagree
Female,Disagree
Female,Disagree
Female,Disagree
Female,Disagree
Female,Disagree
Female,Disagree
Female,Disagree
Female,Disagree
Female,Disagree
Female,Disagree
Female,Disagree
Female,Disagree
Female,Disagree
Female,Disagree
Female,Disagree
Female,Disagree
Female,Disagree
Female,Disagree
Female,Disagree
Female,Disagree
Female,Disagree
Female,Disagree
Female,Disagree
Female,Disagree
Female,Disagree
Female,Disagree
Female,Disagree
Female,Disagree
Female,Disagree
Female,Disagree
Female,Disagree
Female,Disagree
Female,Disagree
Female,Disagree
Female,Disagree
Female,Disagree
Female,Disagree
Female,Disagree
Female,Disagree
Female,Disagree
Female,Disagree
Female,Disagree
Female,Disagree
Female,Disagree
Female,Disagree
Female,Disagree
Female,Disagree
Female,Disagree
Female,Disagree
Female,Disagree
Female,Disagree
Female,Disagree
Female,Disagree
Female,Disagree
Female,Disagree
Female,Disagree
Female,Disagree
Female,Disagree
Female,Disagree
Female,Disagree
Female,Disagree
Female,Disagree
Female,Disagree
Female,Disagree
Female,Disagree
Female,Disagree
Female,Disagree
Female,Disagree
Female,Disagree
Female,Disagree
Female,Disagree
Female,Disagree
Female,Disagree
Female,Disagree
Female,Disagree
Female,Disagree
Female,Disagree
Female,Disagree
Female,Disagree
Female,Disagree
Female,Disagree
Female,Disagree
Female,Disagree
Female,Disagree
Female,Disagree
Female,Disagree
Female,Disagree
Female,Disagree
Female,Disagree
Female,Disagree
Female,Disagree
Female,Disagree
Female,Disagree
Female,Disagree
Female,Disagree
Female,Disagree
Female,Disagree
Female,Disagree
Female,Disagree
Female,Disagree
Female,Disagree
Female,Disagree
Female,Disagree
Female,Disagree
Female,Disagree
Female,Disagree
Female,Disagree
Female,Disagree
Female,Disagree
Female,Disagree
Female,Disagree
Female,Disagree
Female,Disagree
Female,Disagree
Female,Disagree
Female,Disagree
Female,Disagree
Female,Disagree
Female,Disagree
Female,Disagree
Female,Disagree
Female,Disagree
Female,Disagree
Female,Disagree
Female,Disagree
Female,Disagree
Female,Disagree
Female,Disagree
Female,Disagree
Female,Disagree
Female,Disagree
Female,Disagree
Female,Disagree
Female,Disagree
Female,Disagree
Female,Disagree
Female,Disagree
Female,Disagree
Female,Disagree
Female,Disagree
Female,Disagree
Female,Disagree
Female,Disagree
Female,Disagree
Female,Disagree
Female,Disagree
Female,Disagree
Female,Disagree
Female,Disagree
Female,Disagree
Female,Disagree
Female,Disagree
Female,Disagree
Female,Disagree
Female,Disagree
Female,Disagree
Female,Disagree
Female,Disagree
Female,Disagree
Female,Disagree
Female,Disagree
Female,Disagree
Female,Disagree
Female,Disagree
Female,Disagree
Female,Disagree
Female,Disagree
Female,Disagree
Female,Disagree
Female,Disagree
Female,Disagree
Female,Disagree
Female,Disagree
Female,Disagree
Female,Disagree
Female,Disagree
Female,Disagree
Female,Disagree
Female,Disagree
Female,Disagree
Female,Disagree
Female,Disagree
Female,Disagree
Female,Disagree
Female,Disagree
Female,Disagree
Female,Disagree
Female,Disagree
Female,Disagree
Female,Disagree
Female,Disagree
Female,Disagree
Female,Disagree
Female,Disagree
Female,Disagree
Female,Disagree
Female,Disagree
Female,Disagree
Female,Disagree
Female,Disagree
Female,Disagree
Female,Disagree
Female,Disagree
Female,Disagree
Female,Disagree
Female,Disagree
Female,Disagree
Female,Disagree
Female,Disagree
Female,Disagree
Female,Disagree
Female,Disagree
Female,Disagree
Female,Disagree
Female,Disagree
Female,Disagree
Female,Disagree
Female,Disagree
Female,Disagree
Female,Disagree
Female,Disagree
Female,Disagree
Female,Disagree
Female,Disagree
Female,Disagree
Female,Disagree
Female,Disagree
Female,Disagree
Female,Disagree
Female,Disagree
Female,Disagree
Female,Disagree
Female,Disagree
Female,Disagree
Female,Disagree
Female,Disagree
Female,Disagree
Female,Disagree
Female,Disagree
Female,Disagree
Female,Disagree
Female,Disagree
Female,Disagree
Female,Disagree
Female,Disagree
Female,Disagree
Female,Disagree
Female,Disagree
Female,Disagree
Female,Disagree
Female,Disagree
Female,Disagree
Female,Disagree
Female,Disagree
Female,Disagree
Female,Disagree
Female,Disagree
Female,Disagree
Female,Disagree
Female,Disagree
Female,Disagree
Female,Disagree
Female,Disagree
Female,Disagree
Female,Disagree
Female,Disagree
Female,Disagree
Female,Disagree
Female,Disagree
Female,Disagree
Female,Disagree
Female,Disagree
Female,Disagree
Female,Disagree
Female,Disagree
Female,Disagree
Female,Disagree
Female,Disagree
Female,Disagree
Female,Disagree
Female,Disagree
Female,Disagree
Female,Disagree
Female,Disagree
Female,Disagree
Female,Disagree
Female,Disagree
Female,Disagree
Female,Disagree
Female,Disagree
Female,Disagree
Female,Disagree
Female,Disagree
Female,Disagree
Female,Disagree
Female,Disagree
Female,Disagree
Female,Disagree
Female,Disagree
Female,Disagree
Female,Disagree
Female,Disagree
Female,Disagree
Female,Disagree
Female,Disagree
Female,Disagree
Female,Disagree
Female,Disagree
Female,Disagree
Female,Disagree
Female,Disagree
Female,Disagree
Female,Disagree
Female,Disagree
Female,Disagree
Female,Disagree
Female,Disagree
Female,Disagree
Female,Disagree
Female,Disagree
Female,Disagree
Female,Disagree
Female,Disagree
Female,Disagree
Female,Disagree
Female,Disagree
Female,Disagree
Female,Disagree
Female,Disagree
Female,Disagree
Female,Disagree
Female,Disagree
Female,Disagree
Female,Disagree
Female,Disagree
Female,Disagree
Female,Disagree
Female,Disagree
Female,Disagree
Female,Disagree
Female,Disagree
Female,Disagree
Female,Disagree
Female,Disagree
Female,Disagree
Female,Disagree
Female,Disagree
Female,Disagree
Female,Disagree
Female,Disagree
Female,Disagree
Female,Disagree
Female,Disagree
Female,Disagree
Female,Disagree
Female,Disagree
Female,Disagree
Female,Disagree
Female,Disagree
Female,Disagree
Female,Disagree
Female,Disagree
Female,Disagree
Female,Disagree
Female,Disagree
Female,Disagree
Female,Disagree
Female,Disagree
Female,Disagree
Female,Disagree
Female,Disagree
Female,Disagree
Female,Disagree
Female,Disagree
Female,Disagree
Female,Disagree
Female,Disagree
Female,Disagree
Female,Disagree
Female,Disagree
Female,Disagree
Female,Disagree
Female,Disagree
Female,Disagree
Female,Disagree
Female,Disagree
Female,Disagree
Female,Disagree
Female,Disagree
Female,Disagree
Female,Disagree
Female,Disagree
Female,Disagree
Female,Disagree
Female,Disagree
Female,Disagree
Female,Disagree
Female,Disagree
Female,Disagree
Female,Disagree
Female,Disagree
Female,Disagree
Female,Disagree
Female,Disagree
Female,Disagree
Female,Disagree
Female,Disagree
Female,Disagree
Female,Disagree
Female,Disagree
Female,Disagree
Female,Disagree
Female,Disagree
Female,Disagree
Female,Disagree
Female,Disagree
Female,Disagree
Female,Disagree
Female,Disagree
Female,Disagree
Female,Disagree
Female,Disagree
Female,Disagree
Female,Disagree
Female,Disagree
Female,Disagree
Female,Disagree
Female,Disagree
Female,Disagree
Female,Disagree
Female,Disagree
Female,Disagree
Female,Disagree
Female,Disagree
Female,Disagree
Female,Disagree
Female,Disagree
Female,Disagree
Female,Disagree
Female,Disagree
Female,Disagree
Female,Disagree
Female,Disagree
Female,Disagree
Female,Disagree
Female,Disagree
Female,Disagree
Female,Disagree
Female,Disagree
Female,Disagree
Female,Disagree
Female,Disagree
Female,Disagree
Female,Disagree
Female,Disagree
Female,Disagree
Female,Disagree
Female,Disagree
Female,Disagree
Female,Disagree
Female,Disagree
Female,Disagree
Female,Disagree
Female,Disagree
Female,Disagree
Female,Disagree
Female,Disagree
Female,Disagree
Female,Disagree
Female,Disagree
Female,Disagree
Female,Disagree
Female,Disagree
Female,Disagree
Female,Disagree
Female,Disagree
Female,Disagree
Female,Disagree
Female,Disagree
Female,Disagree
Female,Disagree
Female,Disagree
Female,Disagree
Female,Disagree
Female,Disagree
Female,Disagree
Female,Disagree
Female,Disagree
Female,Disagree
Female,Disagree
Female,Disagree
Female,Disagree
Female,Disagree
Female,Disagree
Female,Disagree
Female,Disagree
Female,Disagree
Female,Disagree
Female,Disagree
Female,Disagree
Female,Disagree
Female,Disagree
Female,Disagree
Female,Disagree
Female,Disagree
Female,Disagree
Female,Disagree
Female,Disagree
Female,Disagree
Female,Disagree
Female,Disagree
Female,Disagree
Female,Disagree
Female,Disagree
Female,Disagree
Female,Disagree
Female,Disagree
Female,Disagree
Female,Disagree
Female,Disagree
Female,Disagree
Female,Disagree
Female,Disagree
Female,Disagree
Female,Disagree
Female,Disagree
Female,Disagree
Female,Disagree
Female,Disagree
Female,Disagree
Female,Disagree
Female,Disagree
Female,Disagree
Female,Disagree
Female,Disagree
Female,Disagree
Female,Disagree
Female,Disagree
Female,Disagree
Female,Disagree
Female,Disagree
Female,Disagree
Female,Disagree
Female,Disagree
Female,Disagree
Female,Disagree
Female,Disagree
Female,Disagree
Female,Disagree
Female,Disagree
Female,Disagree
Female,Disagree
Female,Disagree
Female,Disagree
Female,Disagree
Female,Disagree
Female,Disagree
Female,Disagree
Female,Disagree
Female,Disagree
Female,Disagree
Female,Disagree
Female,Disagree
Female,Disagree
Female,Disagree
Female,Disagree
Female,Disagree
Female,Disagree
Female,Disagree
Female,Disagree
Female,Disagree
Female,Disagree
Female,Disagree
Female,Disagree
Female,Disagree
Female,Disagree
Female,Disagree
Female,Disagree
Female,Disagree
Female,Disagree
Female,Disagree
Female,Disagree
Female,Disagree
Female,Disagree
Female,Disagree
Female,Disagree
Female,Disagree
Female,Disagree
Female,Disagree
Female,Disagree
Female,Disagree
Female,Disagree
Female,Disagree
Female,Disagree
Female,Disagree
Female,Disagree
Female,Disagree
Female,Disagree
Female,Disagree
Female,Disagree
Female,Disagree
Female,Disagree
Female,Disagree
Female,Disagree
Female,Disagree
Female,Disagree
Female,Disagree
Female,Disagree
Female,Disagree
Female,Disagree
Female,Disagree
Female,Disagree
Female,Disagree
Female,Disagree
Female,Disagree
Female,Disagree
Female,Disagree
Female,Disagree
Female,Disagree
Female,Disagree
Female,Disagree
Female,Disagree
Female,Disagree
Female,Disagree
Female,Disagree
Female,Disagree
Female,Disagree
Female,Disagree
Female,Disagree
Female,Disagree
Female,Disagree
Female,Disagree
Female,Disagree
Female,Disagree
Female,Disagree
Female,Disagree
Female,Disagree
Female,Disagree
Female,Disagree
Female,Disagree
Female,Disagree
Female,Disagree
Female,Disagree
Female,Disagree
Female,Disagree
Female,Disagree
Female,Disagree
Female,Disagree
Female,Disagree
Female,Disagree
Female,Disagree
Female,Disagree
Female,Disagree
Female,Disagree
Female,Disagree
Female,Disagree
Female,Disagree
Female,Disagree
Female,Disagree
Female,Disagree
Female,Disagree
Female,Disagree
Female,Disagree
Female,Don't know
Female,Don't know
Female,Don't know
Female,Don't know
Female,Don't know
Female,Don't know
Female,Don't know
Female,Don't know
Female,Don't know
Female,Don't know
Female,Don't know
Female,Don't know
Female,Don't know
Female,Don't know
Female,Don't know
Female,Don't know
Female,Don't know
Female,Don't know
Female,Don't know
Female,Don't know
Female,Don't know
Female,Don't know
Female,Don't know
Female,Don't know
Female,Don't know
Female,Don't know
Female,Don't know
Female,Don't know
Female,Don't know
Female,Don't know
Female,Don't know
Female,Don't know
Female,Don't know
Female,Don't know
Female,Don't know
Female,Don't know
Female,Don't know
Female,Don't know
Female,Don't know
Female,Don't know
Female,Don't know
Female,Don't know
Female,Don't know
Female,Don't know
